kH38Jm#&;Lieselotte Rainey;hv8@qsuotla508.com;1
kH14Ju#&;Adrianna Verduzco;i-4371v-.rhck@qe8yy3d.com;0
eH34Jd#&;Maude Toll;t1ytt@vpm5xkvn.com;1
kH38Ju#&;Fawn Lambrecht;-cip@jlyzpvm.com;1
vH34Ju#&;Nicholle Penaloza;rk1-@9lqq7641.com;0
kH94Jc#&;Daniele Coach;l8hv5k5gt@c5hsou.com;0
kH35Jn#&;Signe Kossman;a8q-62okxi@clzfwumfmw9.com;0
kH94Ju#&;Phylis Farberanmt;38ds7@0733we.com;1
tH34Jl#&;Genoveva Dingess;net@bjewwj9.com;1
vH34Jz#&;Royce Stager;rnh5z@zss4-n3.com;1
kH35Ju#&;Drew Massaro;urjwzx1gz-kjvv@g32xd9.com;0
eH34Jy#&;Pierre Cotta;x0jp9xg4@2zh-j6v9ai6.com;1
bH34Ju#&;Concetta Nussbaum;p7zgwk@jszadvjsr.com;1
jH34Jk#&;Missy Stoney;ixnqwxkgvlppx9@4qt-a5jtsj.com;1
kH14Jt#&;Sadye Hession;ufvp64.ghw5@r2l3f1.com;1
kH14Jh#&;Kanesha Moshier;u6vt7o4@n7a-0t.com;1
tH34Js#&;Bari Flanagan;00l0@crs69jgzo.com;0
kH34Jq#&;Caleb Paschal;qq9.-2o1cj2bii@g2fdac.com;1
kH35Jr#&;Teresia Plude;vaq6h@ehdgxsbxq.com;0
bH34Jx#&;Carin Arevalo;f7j79rcbhifh@klz5lexti6wo.com;0